Workbook

Sheet CASO 1
B1: CASO 1. COBRO MISMO PORCENTAJE
B3: PASO 1.- REGLAMENTO
B4: ="El reglamento de copropiedad establece que el "&D7*100&"% del gas y agua utilizado en las calderas se cobrará en el gasto común, y el "&E7*100&"% se cobrará según el consumo individual." -> El reglamento de copropiedad establece que el 30% del gas y agua utilizado en las calderas se cobrará en el gasto común, y el 70% se cobrará según el consumo individual.
B6: PASO 2.- TOTAL DE BOLETAS
C7: 1 | D7: 0.3 | E7: =1-D7 -> 0.7
B8: GAS | C8: 1500000 | D8: =C8*D7 -> 450000 | E8: =C8*E7 -> 1050000
B9: AGUA | C9: 500000 | D9: =C9*D7 -> 150000 | E9: =C9*E7 -> 350000
B10: TOTAL | C10: =SUM(C8:C9) -> 2000000 | D10: =SUM(D8:D9) -> 600000 | E10: =SUM(E8:E9) -> 1400000
B12: PASO 3.- PRORRATEOS Y LECTURAS | H12: 4.- CÁLCULO M3 | M12: 5.- COBRO
B13: DEPTO | C13: PRORRATEO | D13: ANTERIOR | E13: ACTUAL | F13: CONSUMO | H13: TOTAL A COBRAR | J13: =E10 -> 1400000 | M13: DEPTO | N13: CONSUMO | O13: COBRO IND.
B14: 101 | C14: 0.06 | D14: 26 | E14: 35 | F14: =E14-D14 -> 9 | H14: TOTAL CONSUMO | J14: =F34 -> 169 | M14: 101 | N14: =F14 -> 9 | O14: =N14*$J$15 -> 74556.213 | P14: =TEXT(N14,"0,0")&" x "&TEXT($J$15,"0.000,0")&" = "&TEXT(O14,"0.000") -> 9,0 x 8.284,0 = 74.556
B15: 102 | C15: 0.04 | D15: 19 | E15: 32 | F15: =E15-D15 -> 13 | H15: ="M3 = "&TEXT(J13,"0.000.000")&"/"&J14 -> M3 = 1.400.000/169 | J15: =J13/J14 -> 8284.0237 | M15: 102 | N15: =F15 -> 13 | O15: =N15*$J$15 -> 107692.31 | P15: =TEXT(N15,"0,0")&" x "&TEXT($J$15,"0.000,0")&" = "&TEXT(O15,"0.000") -> 13,0 x 8.284,0 = 107.692
B16: 103 | C16: 0.07 | D16: 30 | E16: 38 | F16: =E16-D16 -> 8 | M16: 103 | N16: =F16 -> 8 | O16: =N16*$J$15 -> 66272.189 | P16: =TEXT(N16,"0,0")&" x "&TEXT($J$15,"0.000,0")&" = "&TEXT(O16,"0.000") -> 8,0 x 8.284,0 = 66.272
B17: 104 | C17: 0.03 | D17: 14 | E17: 25 | F17: =E17-D17 -> 11 | H17: =E10 -> 1400000 | I17: ="= "&TEXT(J15,"0.000,0") -> = 8.284,0 | M17: 104 | N17: =F17 -> 11 | O17: =N17*$J$15 -> 91124.26 | P17: =TEXT(N17,"0,0")&" x "&TEXT($J$15,"0.000,0")&" = "&TEXT(O17,"0.000") -> 11,0 x 8.284,0 = 91.124
B18: =B14+100 -> 201 | C18: 0.06 | D18: 42 | E18: 43 | F18: =E18-D18 -> 1 | H18: =J14 -> 169 | M18: =M14+100 -> 201 | N18: =F18 -> 1 | O18: =N18*$J$15 -> 8284.0237 | P18: =TEXT(N18,"0,0")&" x "&TEXT($J$15,"0.000,0")&" = "&TEXT(O18,"0.000") -> 1,0 x 8.284,0 = 8.284
B19: =B15+100 -> 202 | C19: 0.04 | D19: 23 | E19: 33 | F19: =E19-D19 -> 10 | M19: =M15+100 -> 202 | N19: =F19 -> 10 | O19: =N19*$J$15 -> 82840.237 | P19: =TEXT(N19,"0,0")&" x "&TEXT($J$15,"0.000,0")&" = "&TEXT(O19,"0.000") -> 10,0 x 8.284,0 = 82.840
B20: =B16+100 -> 203 | C20: 0.07 | D20: 17 | E20: 32 | F20: =E20-D20 -> 15 | H20: ="Entonces, se cobrará $"&TEXT(J15,"0.000,0")&" por cada m3 consumido" -> Entonces, se cobrará $8.284,0 por cada m3 consumido | M20: =M16+100 -> 203 | N20: =F20 -> 15 | O20: =N20*$J$15 -> 124260.36 | P20: =TEXT(N20,"0,0")&" x "&TEXT($J$15,"0.000,0")&" = "&TEXT(O20,"0.000") -> 15,0 x 8.284,0 = 124.260
B21: =B17+100 -> 204 | C21: 0.03 | D21: 13 | E21: 15 | F21: =E21-D21 -> 2 | H21: Se multiplica cada consumo individual por el valor del m3 | M21: =M17+100 -> 204 | N21: =F21 -> 2 | O21: =N21*$J$15 -> 16568.047 | P21: =TEXT(N21,"0,0")&" x "&TEXT($J$15,"0.000,0")&" = "&TEXT(O21,"0.000") -> 2,0 x 8.284,0 = 16.568
B22: =B18+100 -> 301 | C22: 0.06 | D22: 28 | E22: 40 | F22: =E22-D22 -> 12 | H22: ="El monto de $"&TEXT(D10,"0.000")&" se cobrará en el GC" -> El monto de $600.000 se cobrará en el GC | M22: =M18+100 -> 301 | N22: =F22 -> 12 | O22: =N22*$J$15 -> 99408.284 | P22: =TEXT(N22,"0,0")&" x "&TEXT($J$15,"0.000,0")&" = "&TEXT(O22,"0.000") -> 12,0 x 8.284,0 = 99.408
B23: =B19+100 -> 302 | C23: 0.04 | D23: 24 | E23: 36 | F23: =E23-D23 -> 12 | M23: =M19+100 -> 302 | N23: =F23 -> 12 | O23: =N23*$J$15 -> 99408.284 | P23: =TEXT(N23,"0,0")&" x "&TEXT($J$15,"0.000,0")&" = "&TEXT(O23,"0.000") -> 12,0 x 8.284,0 = 99.408
B24: =B20+100 -> 303 | C24: 0.07 | D24: 46 | E24: 59 | F24: =E24-D24 -> 13 | M24: =M20+100 -> 303 | N24: =F24 -> 13 | O24: =N24*$J$15 -> 107692.31 | P24: =TEXT(N24,"0,0")&" x "&TEXT($J$15,"0.000,0")&" = "&TEXT(O24,"0.000") -> 13,0 x 8.284,0 = 107.692
B25: =B21+100 -> 304 | C25: 0.03 | D25: 40 | E25: 45 | F25: =E25-D25 -> 5 | M25: =M21+100 -> 304 | N25: =F25 -> 5 | O25: =N25*$J$15 -> 41420.118 | P25: =TEXT(N25,"0,0")&" x "&TEXT($J$15,"0.000,0")&" = "&TEXT(O25,"0.000") -> 5,0 x 8.284,0 = 41.420
B26: =B22+100 -> 401 | C26: 0.06 | D26: 18 | E26: 25 | F26: =E26-D26 -> 7 | M26: =M22+100 -> 401 | N26: =F26 -> 7 | O26: =N26*$J$15 -> 57988.166 | P26: =TEXT(N26,"0,0")&" x "&TEXT($J$15,"0.000,0")&" = "&TEXT(O26,"0.000") -> 7,0 x 8.284,0 = 57.988
B27: =B23+100 -> 402 | C27: 0.04 | D27: 27 | E27: 31 | F27: =E27-D27 -> 4 | M27: =M23+100 -> 402 | N27: =F27 -> 4 | O27: =N27*$J$15 -> 33136.095 | P27: =TEXT(N27,"0,0")&" x "&TEXT($J$15,"0.000,0")&" = "&TEXT(O27,"0.000") -> 4,0 x 8.284,0 = 33.136
B28: =B24+100 -> 403 | C28: 0.07 | D28: 23 | E28: 31 | F28: =E28-D28 -> 8 | M28: =M24+100 -> 403 | N28: =F28 -> 8 | O28: =N28*$J$15 -> 66272.189 | P28: =TEXT(N28,"0,0")&" x "&TEXT($J$15,"0.000,0")&" = "&TEXT(O28,"0.000") -> 8,0 x 8.284,0 = 66.272
B29: =B25+100 -> 404 | C29: 0.03 | D29: 31 | E29: 37 | F29: =E29-D29 -> 6 | M29: =M25+100 -> 404 | N29: =F29 -> 6 | O29: =N29*$J$15 -> 49704.142 | P29: =TEXT(N29,"0,0")&" x "&TEXT($J$15,"0.000,0")&" = "&TEXT(O29,"0.000") -> 6,0 x 8.284,0 = 49.704
B30: =B26+100 -> 501 | C30: 0.06 | D30: 23 | E30: 35 | F30: =E30-D30 -> 12 | M30: =M26+100 -> 501 | N30: =F30 -> 12 | O30: =N30*$J$15 -> 99408.284 | P30: =TEXT(N30,"0,0")&" x "&TEXT($J$15,"0.000,0")&" = "&TEXT(O30,"0.000") -> 12,0 x 8.284,0 = 99.408
B31: =B27+100 -> 502 | C31: 0.04 | D31: 40 | E31: 52 | F31: =E31-D31 -> 12 | M31: =M27+100 -> 502 | N31: =F31 -> 12 | O31: =N31*$J$15 -> 99408.284 | P31: =TEXT(N31,"0,0")&" x "&TEXT($J$15,"0.000,0")&" = "&TEXT(O31,"0.000") -> 12,0 x 8.284,0 = 99.408
B32: =B28+100 -> 503 | C32: 0.07 | D32: 46 | E32: 46 | F32: =E32-D32 -> 0 | M32: =M28+100 -> 503 | N32: =F32 -> 0 | O32: =N32*$J$15 -> 0 | P32: =TEXT(N32,"0,0")&" x "&TEXT($J$15,"0.000,0")&" = "&TEXT(O32,"0.000") -> 0,0 x 8.284,0 = 0.000
B33: =B29+100 -> 504 | C33: 0.03 | D33: 10 | E33: 19 | F33: =E33-D33 -> 9 | M33: =M29+100 -> 504 | N33: =F33 -> 9 | O33: =N33*$J$15 -> 74556.213 | P33: =TEXT(N33,"0,0")&" x "&TEXT($J$15,"0.000,0")&" = "&TEXT(O33,"0.000") -> 9,0 x 8.284,0 = 74.556
C34: =SUM(C14:C33) -> 1 | F34: =SUM(F14:F33) -> 169 | N34: =SUM(N14:N33) -> 169 | O34: =SUM(O14:O33) -> 1400000

Sheet CASO 2
A1: CASO 2. COBRO PORCENTAJE DIFERENCIADO
A3: PASO 1.- REGLAMENTO
A4: ="El reglamento de copropiedad establece que el "&C8*100&"% del gas utilizado en las calderas se cobrará en el gasto común, y el "&D8*100&"% se cobrará según el consumo individual." -> El reglamento de copropiedad establece que el 30% del gas utilizado en las calderas se cobrará en el gasto común, y el 70% se cobrará según el consumo individual.
A5: ="Respecto al agua, se cobrará el "&H8*100&"% en el gasto común y el "&I8*100&"% en el cobro individual." -> Respecto al agua, se cobrará el 15% en el gasto común y el 85% en el cobro individual.
A7: PASO 2.- TOTAL DE BOLETAS
B8: 1 | C8: 0.3 | D8: =1-C8 -> 0.7 | G8: 1 | H8: 0.15 | I8: =1-H8 -> 0.85 | L8: TOTAL | M8: GTO COM. | N8: COB. IND.
A9: GAS | B9: 1500000 | C9: =B9*C8 -> 450000 | D9: =B9*D8 -> 1050000 | F9: AGUA | G9: 500000 | H9: =G9*H8 -> 75000 | I9: =G9*I8 -> 425000 | K9: TOTAL | L9: =SUM(G9,B9) -> 2000000 | M9: =SUM(H9,C9) -> 525000 | N9: =SUM(I9,D9) -> 1475000
A11: 3.- PRORRATEOS Y LECTURAS | G11: 4.- CÁLCULO M3 | L11: 5.- COBRO INDIVIDUAL
A12: DEPTO | B12: PRORRATEO | C12: ANTERIOR | D12: ACTUAL | E12: CONSUMO | G12: TOTAL A COBRAR | I12: =N9 -> 1475000 | L12: DEPTO | M12: CONSUMO | N12: COBRO IND.
A13: 101 | B13: 0.06 | C13: 26 | D13: 26 | E13: =D13-C13 -> 0 | G13: TOTAL CONSUMO | I13: =E33 -> 148 | L13: 101 | M13: =E13 -> 0 | N13: =M13*$I$14 -> 0 | O13: =TEXT(M13,"0,0")&" x "&TEXT($I$14,"0.000,0")&" = "&TEXT(N13,"0.000") -> 0,0 x 9.966,2 = 0.000
A14: 102 | B14: 0.04 | C14: 19 | D14: 32 | E14: =D14-C14 -> 13 | G14: ="M3 = "&TEXT(I12,"0.000.000")&"/"&I13 -> M3 = 1.475.000/148 | I14: =I12/I13 -> 9966.2162 | L14: 102 | M14: =E14 -> 13 | N14: =M14*$I$14 -> 129560.81 | O14: =TEXT(M14,"0,0")&" x "&TEXT($I$14,"0.000,0")&" = "&TEXT(N14,"0.000") -> 13,0 x 9.966,2 = 129.561
A15: 103 | B15: 0.07 | C15: 30 | D15: 38 | E15: =D15-C15 -> 8 | L15: 103 | M15: =E15 -> 8 | N15: =M15*$I$14 -> 79729.73 | O15: =TEXT(M15,"0,0")&" x "&TEXT($I$14,"0.000,0")&" = "&TEXT(N15,"0.000") -> 8,0 x 9.966,2 = 79.730
A16: 104 | B16: 0.03 | C16: 14 | D16: 25 | E16: =D16-C16 -> 11 | G16: =I12 -> 1475000 | H16: ="= "&TEXT(I14,"0.000,0") -> = 9.966,2 | L16: 104 | M16: =E16 -> 11 | N16: =M16*$I$14 -> 109628.38 | O16: =TEXT(M16,"0,0")&" x "&TEXT($I$14,"0.000,0")&" = "&TEXT(N16,"0.000") -> 11,0 x 9.966,2 = 109.628
A17: =A13+100 -> 201 | B17: 0.06 | C17: 42 | D17: 43 | E17: =D17-C17 -> 1 | G17: =I13 -> 148 | L17: =L13+100 -> 201 | M17: =E17 -> 1 | N17: =M17*$I$14 -> 9966.2162 | O17: =TEXT(M17,"0,0")&" x "&TEXT($I$14,"0.000,0")&" = "&TEXT(N17,"0.000") -> 1,0 x 9.966,2 = 9.966
A18: =A14+100 -> 202 | B18: 0.04 | C18: 23 | D18: 33 | E18: =D18-C18 -> 10 | L18: =L14+100 -> 202 | M18: =E18 -> 10 | N18: =M18*$I$14 -> 99662.162 | O18: =TEXT(M18,"0,0")&" x "&TEXT($I$14,"0.000,0")&" = "&TEXT(N18,"0.000") -> 10,0 x 9.966,2 = 99.662
A19: =A15+100 -> 203 | B19: 0.07 | C19: 17 | D19: 32 | E19: =D19-C19 -> 15 | G19: ="1.- Se cobrará $"&TEXT(I14,"0.000,0")&" por cada m3 consumido" -> 1.- Se cobrará $9.966,2 por cada m3 consumido | L19: =L15+100 -> 203 | M19: =E19 -> 15 | N19: =M19*$I$14 -> 149493.24 | O19: =TEXT(M19,"0,0")&" x "&TEXT($I$14,"0.000,0")&" = "&TEXT(N19,"0.000") -> 15,0 x 9.966,2 = 149.493 | R19: 252959
A20: =A16+100 -> 204 | B20: 0.03 | C20: 13 | D20: 15 | E20: =D20-C20 -> 2 | G20: 2.- Se multiplica cada consumo individual por el valor del m3 | L20: =L16+100 -> 204 | M20: =E20 -> 2 | N20: =M20*$I$14 -> 19932.432 | O20: =TEXT(M20,"0,0")&" x "&TEXT($I$14,"0.000,0")&" = "&TEXT(N20,"0.000") -> 2,0 x 9.966,2 = 19.932
A21: =A17+100 -> 301 | B21: 0.06 | C21: 28 | D21: 28 | E21: =D21-C21 -> 0 | G21: ="3.- El monto de $"&TEXT(M9,"0.000")&" se cobrará en el GC" -> 3.- El monto de $525.000 se cobrará en el GC | L21: =L17+100 -> 301 | M21: =E21 -> 0 | N21: =M21*$I$14 -> 0 | O21: =TEXT(M21,"0,0")&" x "&TEXT($I$14,"0.000,0")&" = "&TEXT(N21,"0.000") -> 0,0 x 9.966,2 = 0.000
A22: =A18+100 -> 302 | B22: 0.04 | C22: 24 | D22: 36 | E22: =D22-C22 -> 12 | L22: =L18+100 -> 302 | M22: =E22 -> 12 | N22: =M22*$I$14 -> 119594.59 | O22: =TEXT(M22,"0,0")&" x "&TEXT($I$14,"0.000,0")&" = "&TEXT(N22,"0.000") -> 12,0 x 9.966,2 = 119.595
A23: =A19+100 -> 303 | B23: 0.07 | C23: 46 | D23: 59 | E23: =D23-C23 -> 13 | L23: =L19+100 -> 303 | M23: =E23 -> 13 | N23: =M23*$I$14 -> 129560.81 | O23: =TEXT(M23,"0,0")&" x "&TEXT($I$14,"0.000,0")&" = "&TEXT(N23,"0.000") -> 13,0 x 9.966,2 = 129.561
A24: =A20+100 -> 304 | B24: 0.03 | C24: 40 | D24: 45 | E24: =D24-C24 -> 5 | L24: =L20+100 -> 304 | M24: =E24 -> 5 | N24: =M24*$I$14 -> 49831.081 | O24: =TEXT(M24,"0,0")&" x "&TEXT($I$14,"0.000,0")&" = "&TEXT(N24,"0.000") -> 5,0 x 9.966,2 = 49.831
A25: =A21+100 -> 401 | B25: 0.06 | C25: 18 | D25: 25 | E25: =D25-C25 -> 7 | L25: =L21+100 -> 401 | M25: =E25 -> 7 | N25: =M25*$I$14 -> 69763.514 | O25: =TEXT(M25,"0,0")&" x "&TEXT($I$14,"0.000,0")&" = "&TEXT(N25,"0.000") -> 7,0 x 9.966,2 = 69.764
A26: =A22+100 -> 402 | B26: 0.04 | C26: 27 | D26: 31 | E26: =D26-C26 -> 4 | L26: =L22+100 -> 402 | M26: =E26 -> 4 | N26: =M26*$I$14 -> 39864.865 | O26: =TEXT(M26,"0,0")&" x "&TEXT($I$14,"0.000,0")&" = "&TEXT(N26,"0.000") -> 4,0 x 9.966,2 = 39.865
A27: =A23+100 -> 403 | B27: 0.07 | C27: 23 | D27: 31 | E27: =D27-C27 -> 8 | L27: =L23+100 -> 403 | M27: =E27 -> 8 | N27: =M27*$I$14 -> 79729.73 | O27: =TEXT(M27,"0,0")&" x "&TEXT($I$14,"0.000,0")&" = "&TEXT(N27,"0.000") -> 8,0 x 9.966,2 = 79.730
A28: =A24+100 -> 404 | B28: 0.03 | C28: 31 | D28: 37 | E28: =D28-C28 -> 6 | L28: =L24+100 -> 404 | M28: =E28 -> 6 | N28: =M28*$I$14 -> 59797.297 | O28: =TEXT(M28,"0,0")&" x "&TEXT($I$14,"0.000,0")&" = "&TEXT(N28,"0.000") -> 6,0 x 9.966,2 = 59.797
A29: =A25+100 -> 501 | B29: 0.06 | C29: 23 | D29: 35 | E29: =D29-C29 -> 12 | L29: =L25+100 -> 501 | M29: =E29 -> 12 | N29: =M29*$I$14 -> 119594.59 | O29: =TEXT(M29,"0,0")&" x "&TEXT($I$14,"0.000,0")&" = "&TEXT(N29,"0.000") -> 12,0 x 9.966,2 = 119.595
A30: =A26+100 -> 502 | B30: 0.04 | C30: 40 | D30: 52 | E30: =D30-C30 -> 12 | L30: =L26+100 -> 502 | M30: =E30 -> 12 | N30: =M30*$I$14 -> 119594.59 | O30: =TEXT(M30,"0,0")&" x "&TEXT($I$14,"0.000,0")&" = "&TEXT(N30,"0.000") -> 12,0 x 9.966,2 = 119.595
A31: =A27+100 -> 503 | B31: 0.07 | C31: 46 | D31: 46 | E31: =D31-C31 -> 0 | L31: =L27+100 -> 503 | M31: =E31 -> 0 | N31: =M31*$I$14 -> 0 | O31: =TEXT(M31,"0,0")&" x "&TEXT($I$14,"0.000,0")&" = "&TEXT(N31,"0.000") -> 0,0 x 9.966,2 = 0.000
A32: =A28+100 -> 504 | B32: 0.03 | C32: 10 | D32: 19 | E32: =D32-C32 -> 9 | L32: =L28+100 -> 504 | M32: =E32 -> 9 | N32: =M32*$I$14 -> 89695.946 | O32: =TEXT(M32,"0,0")&" x "&TEXT($I$14,"0.000,0")&" = "&TEXT(N32,"0.000") -> 9,0 x 9.966,2 = 89.696
B33: =SUM(B13:B32) -> 1 | E33: =SUM(E13:E32) -> 148 | M33: =SUM(M13:M32) -> 148 | N33: =SUM(N13:N32) -> 1475000

Sheet GTO COMÚN
A1: COBRAR BOLETAS EN GASTO COMÚN
A3: CASO | B3: 1
A5: PASO 1.- REGLAMENTO
A6: =IF(B3=1,"En el caso "&B3&", se estableció que se cobrará en el gasto común un total de $"&TEXT('CASO 1'!D10,"0.000")&". Ese valor será prorrateado entre las unidades de acuerdo al factor de cobro de obligaciones económicas.",IF(B3=2,"En el caso "&B3&", se estableció que se cobrará en el gasto común un total de $"&TEXT('CASO 2'!M9,"0.000")&". Ese valor será prorrateado entre las unidades de acuerdo al factor de cobro de obligaciones económicas.")) -> En el caso 1, se estableció que se cobrará en el gasto común un total de $600.000. Ese valor será prorrateado entre las unidades de acuerdo al factor de cobro de obligaciones económicas.
A8: PASO 2.- TOTAL A PRORRATEAR: | D8: =IF(B3=1,'CASO 1'!D10,IF(B3=2,'CASO 2'!M9)) -> 600000
I9: TOTAL | J9: PORCENTAJE | L9: VALOR
A10: 3.- PRORRATEOS Y LECTURAS | J10: GTO COMÚN | K10: COB. IND. | L10: GTO COMÚN | M10: COB. IND.
A11: DEPTO | B11: PRORRATEO | C11: GTO COMÚN | H11: GAS | I11: =IF(B3=1,'CASO 1'!C8,'CASO 2'!B9) -> 1500000 | J11: =IF(B3=1,'CASO 1'!D7,'CASO 2'!C8) -> 0.3 | K11: =IF(B3=1,'CASO 1'!E7,'CASO 2'!D8) -> 0.7 | L11: =IF(B3=1,'CASO 1'!D8,'CASO 2'!C9) -> 450000 | M11: =IF(B3=1,'CASO 1'!E8,'CASO 2'!D9) -> 1050000
A12: 101 | B12: 0.06 | C12: =$D$8*B12 -> 36000 | D12: =B12*100&"% x "&TEXT($D$8,"0.000")&" = "&TEXT(C12,"0.000") -> 6% x 600.000 = 36.000 | H12: AGUA | I12: =IF(B3=1,'CASO 1'!C9,'CASO 2'!G9) -> 500000 | J12: =IF(B3=1,'CASO 1'!D7,'CASO 2'!H8) -> 0.3 | K12: =IF(B3=1,'CASO 1'!E7,'CASO 2'!I8) -> 0.7 | L12: =IF(B3=1,'CASO 1'!D9,'CASO 2'!H9) -> 150000 | M12: =IF(B3=1,'CASO 1'!E9,'CASO 2'!I9) -> 350000
A13: 102 | B13: 0.04 | C13: =$D$8*B13 -> 24000 | D13: =B13*100&"% x "&TEXT($D$8,"0.000")&" = "&TEXT(C13,"0.000") -> 4% x 600.000 = 24.000 | H13: TOTAL | I13: =SUM(I11:I12) -> 2000000 | L13: =SUM(L11:L12) -> 600000 | M13: =SUM(M11:M12) -> 1400000
A14: 103 | B14: 0.07 | C14: =$D$8*B14 -> 42000 | D14: =B14*100&"% x "&TEXT($D$8,"0.000")&" = "&TEXT(C14,"0.000") -> 7% x 600.000 = 42.000
A15: 104 | B15: 0.03 | C15: =$D$8*B15 -> 18000 | D15: =B15*100&"% x "&TEXT($D$8,"0.000")&" = "&TEXT(C15,"0.000") -> 3% x 600.000 = 18.000
A16: =A12+100 -> 201 | B16: 0.06 | C16: =$D$8*B16 -> 36000 | D16: =B16*100&"% x "&TEXT($D$8,"0.000")&" = "&TEXT(C16,"0.000") -> 6% x 600.000 = 36.000
A17: =A13+100 -> 202 | B17: 0.04 | C17: =$D$8*B17 -> 24000 | D17: =B17*100&"% x "&TEXT($D$8,"0.000")&" = "&TEXT(C17,"0.000") -> 4% x 600.000 = 24.000
A18: =A14+100 -> 203 | B18: 0.07 | C18: =$D$8*B18 -> 42000 | D18: =B18*100&"% x "&TEXT($D$8,"0.000")&" = "&TEXT(C18,"0.000") -> 7% x 600.000 = 42.000
A19: =A15+100 -> 204 | B19: 0.03 | C19: =$D$8*B19 -> 18000 | D19: =B19*100&"% x "&TEXT($D$8,"0.000")&" = "&TEXT(C19,"0.000") -> 3% x 600.000 = 18.000
A20: =A16+100 -> 301 | B20: 0.06 | C20: =$D$8*B20 -> 36000 | D20: =B20*100&"% x "&TEXT($D$8,"0.000")&" = "&TEXT(C20,"0.000") -> 6% x 600.000 = 36.000
A21: =A17+100 -> 302 | B21: 0.04 | C21: =$D$8*B21 -> 24000 | D21: =B21*100&"% x "&TEXT($D$8,"0.000")&" = "&TEXT(C21,"0.000") -> 4% x 600.000 = 24.000
A22: =A18+100 -> 303 | B22: 0.07 | C22: =$D$8*B22 -> 42000 | D22: =B22*100&"% x "&TEXT($D$8,"0.000")&" = "&TEXT(C22,"0.000") -> 7% x 600.000 = 42.000
A23: =A19+100 -> 304 | B23: 0.03 | C23: =$D$8*B23 -> 18000 | D23: =B23*100&"% x "&TEXT($D$8,"0.000")&" = "&TEXT(C23,"0.000") -> 3% x 600.000 = 18.000
A24: =A20+100 -> 401 | B24: 0.06 | C24: =$D$8*B24 -> 36000 | D24: =B24*100&"% x "&TEXT($D$8,"0.000")&" = "&TEXT(C24,"0.000") -> 6% x 600.000 = 36.000
A25: =A21+100 -> 402 | B25: 0.04 | C25: =$D$8*B25 -> 24000 | D25: =B25*100&"% x "&TEXT($D$8,"0.000")&" = "&TEXT(C25,"0.000") -> 4% x 600.000 = 24.000
A26: =A22+100 -> 403 | B26: 0.07 | C26: =$D$8*B26 -> 42000 | D26: =B26*100&"% x "&TEXT($D$8,"0.000")&" = "&TEXT(C26,"0.000") -> 7% x 600.000 = 42.000
A27: =A23+100 -> 404 | B27: 0.03 | C27: =$D$8*B27 -> 18000 | D27: =B27*100&"% x "&TEXT($D$8,"0.000")&" = "&TEXT(C27,"0.000") -> 3% x 600.000 = 18.000
... A31: =A27+100 -> 504 | B31: 0.03 | C31: =$D$8*B31 -> 18000 | D31: =B31*100&"% x "&TEXT($D$8,"0.000")&" = "&TEXT(C31,"0.000") -> 3% x 600.000 = 18.000
B32: =SUM(B12:B31) -> 1 | C32: =SUM(C12:C31) -> 600000
